,F1-score,Precision-score,Recall-score
CHINESE,0.9105146658934283,0.9102369552062973,0.9116746305679635
VIETNAMESE,0.839419959604482,0.8399307150929105,0.8428392650974047
