,F1-score,Precision-score,Recall-score
CHINESE,0.9120575467184346,0.9122442635116722,0.9127798858263156
VIETNAMESE,0.825816440415434,0.8009792854340876,0.8561127024730871
