,F1-score,Precision-score,Recall-score
CHINESE,0.8997636432858376,0.8996884540861522,0.9008064253306145
VIETNAMESE,0.8361201550847795,0.8155550226671778,0.861124115856577
