,F1-score,Precision-score,Recall-score
CHINESE,0.844719598728585,0.847204342873933,0.8436136598270878
VIETNAMESE,0.7436602370899179,0.7463596489616288,0.7469232706721253
