,Recall,Precision,F1 score
CHINESE,0.746476837742438,0.7674138564092814,0.755743411978206
JAPANESE,0.6954747348279661,0.6443562766074995,0.6663490535773622
