,Recall,Precision,F1 score
CHINESE,0.914622697563689,0.9161752059924255,0.9149722479372023
JAPANESE,0.43141968087882837,0.4518938653716532,0.43911849454106766
